{
    "detection": [
        {
            "label": "button knob",
            "box": [
                384.8360595703125,
                339.285400390625,
                413.8656005859375,
                369.46978759765625
            ],
            "confidence": 0.47046947479248047,
            "frame_id": 0,
            "image_index": 0,
            "label_index": 0,
            "object_id": 1
        },
        {
            "label": "button",
            "box": [
                384.787109375,
                339.1605529785156,
                413.94732666015625,
                369.5719909667969
            ],
            "confidence": 0.30251777172088623,
            "frame_id": 0,
            "image_index": 0,
            "label_index": 1,
            "object_id": 2
        }
    ],
    "segmentation_frames": [
        0,
        1,
        2,
        3,
        4,
        5,
        17,
        18,
        19,
        20,
        21,
        22,
        23,
        24,
        25,
        37,
        38,
        39,
        40
    ]
}