{
    "5": {
        "bounding_box": {
            "min": [
                0.16822057962417603,
                -0.3422294855117798,
                -0.31054753065109253
            ],
            "max": [
                0.4758698642253876,
                -0.2963268458843231,
                -0.07236502319574356
            ]
        },
        "center": [
            0.3220452219247818,
            -0.31927816569805145,
            -0.19145627692341805
        ],
        "scale": [
            0.30764928460121155,
            0.045902639627456665,
            0.23818250745534897
        ]
    }
}